job_title,salary_in_usd
Data Scientist,212000
Data Scientist,93300
Data Scientist,130000
Data Scientist,100000
Data Scientist,43064
Data Scientist,36912
Data Analyst,95000
Data Analyst,75000
Data Scientist,300000
Data Scientist,234000
Data Analyst,155000
Data Analyst,110000
Data Analyst,176000
Data Analyst,100000
Data Scientist,223400
Data Scientist,186200
Data Scientist,185900
Data Scientist,129300
Data Analyst,100000
Data Analyst,75000
Data Analyst,90000
Data Analyst,70000
Data Scientist,235750
Data Scientist,174250
Data Scientist,220000
Data Scientist,150000
Data Scientist,150000
Data Scientist,100000
Data Scientist,130000
Data Scientist,117000
Data Scientist,166000
Data Scientist,73000
Data Scientist,185900
Data Scientist,129300
Data Scientist,253000
Data Scientist,131000
Data Scientist,210000
Data Scientist,147000
Data Analyst,137000
Data Analyst,110000
Data Scientist,172000
Data Scientist,146000
Data Scientist,150000
Data Scientist,130000
Data Analyst,105000
Data Scientist,43187
Data Scientist,31310
Data Analyst,92280
Data Analyst,67672
Data Analyst,92280
Data Analyst,67672
Data Scientist,75577
Data Scientist,224800
Data Scientist,131100
Data Scientist,258000
Data Scientist,171000
Data Scientist,220000
Data Scientist,160000
Data Scientist,85000
Data Scientist,65000
Data Scientist,185000
Data Scientist,152000
Data Scientist,48585
Data Scientist,38868
Data Analyst,110000
Data Analyst,80000
Data Analyst,36912
Data Scientist,150200
Data Scientist,71000
Data Scientist,135000
Data Scientist,110000
Data Scientist,187415
Data Scientist,114080
Data Scientist,187415
Data Scientist,114080
Data Scientist,187415
Data Scientist,114080
Data Analyst,32974
Data Analyst,32974
Data Analyst,165000
Data Analyst,140000
Data Analyst,167000
Data Analyst,121000
Data Scientist,190200
Data Scientist,95100
Data Analyst,133000
Data Analyst,58400
Data Scientist,166000
Data Scientist,73100
Data Analyst,163800
Data Analyst,88200
Data Analyst,180400
Data Analyst,138800
Data Analyst,67672
Data Analyst,55368
Data Scientist,215000
Data Scientist,142000
Data Scientist,266000
Data Scientist,167000
Data Analyst,140130
Data Analyst,84870
Data Scientist,150000
Data Scientist,247600
Data Scientist,127300
Data Scientist,60000
Data Scientist,55000
Data Scientist,202600
Data Scientist,168800
Data Scientist,203000
Data Scientist,127000
Data Analyst,112200
Data Analyst,91800
Data Scientist,133000
Data Scientist,58300
Data Scientist,130500
Data Scientist,116000
Data Analyst,166000
Data Analyst,73100
Data Analyst,150000
Data Analyst,120000
Data Scientist,208500
Data Scientist,165000
Data Scientist,258700
Data Scientist,172500
Data Analyst,166000
Data Analyst,73100
Data Scientist,166000
Data Scientist,73100
Data Analyst,170000
Data Analyst,145000
Data Scientist,212000
Data Scientist,93300
Data Scientist,188000
Data Scientist,139000
Data Scientist,150000
Data Scientist,188000
Data Scientist,139000
Data Scientist,158500
Data Scientist,115000
Data Analyst,83000
Data Analyst,66000
Data Scientist,224250
Data Scientist,121550
Data Scientist,166000
Data Scientist,73100
Data Scientist,205400
Data Scientist,92900
Data Scientist,160000
Data Scientist,110000
Data Scientist,242000
Data Scientist,106200
Data Scientist,220000
Data Scientist,120000
Data Scientist,258000
Data Scientist,171000
Data Scientist,192000
Data Scientist,178000
Data Scientist,180000
Data Scientist,135000
Data Scientist,200000
Data Scientist,120000
Data Analyst,125000
Data Analyst,100000
Data Scientist,210400
Data Scientist,170500
Data Scientist,212000
Data Scientist,93300
Data Scientist,185400
Data Scientist,81536
Data Analyst,193000
Data Analyst,158000
Data Analyst,95000
Data Analyst,75000
Data Analyst,115000
Data Analyst,105000
Data Analyst,90000
Data Analyst,80000
Data Analyst,192500
Data Analyst,140000
Data Analyst,150000
Data Analyst,120000
Data Scientist,166000
Data Scientist,73100
Data Scientist,166000
Data Scientist,73100
Data Scientist,212000
Data Scientist,93300
Data Scientist,172256
Data Scientist,123040
Data Scientist,219000
Data Scientist,132000
Data Scientist,130500
Data Scientist,116000
Data Scientist,136000
Data Scientist,91000
Data Scientist,185900
Data Scientist,129300
Data Analyst,143000
Data Analyst,78000
Data Scientist,135000
Data Scientist,110000
Data Scientist,137500
Data Scientist,81500
Data Scientist,140000
Data Scientist,125000
Data Scientist,170625
Data Scientist,127950
Data Scientist,123040
Data Scientist,86128
Data Analyst,85256
Data Analyst,71615
Data Scientist,100000
Data Scientist,225000
Data Scientist,170000
Data Scientist,135000
Data Scientist,100000
Data Scientist,297300
Data Scientist,198200
Data Analyst,59000
Data Analyst,50000
Data Scientist,64781
Data Scientist,57223
Data Analyst,135000
Data Analyst,120000
Data Scientist,280000
Data Scientist,190000
Data Scientist,212000
Data Scientist,93300
Data Analyst,145640
Data Analyst,84400
Data Analyst,105000
Data Analyst,75000
Data Analyst,140000
Data Analyst,98000
Data Scientist,236160
Data Scientist,159408
Data Analyst,115000
Data Analyst,85000
Data Analyst,120350
Data Analyst,74400
Data Analyst,158494
Data Analyst,88052
Data Scientist,258000
Data Scientist,171000
Data Scientist,200000
Data Scientist,150000
Data Scientist,130410
Data Scientist,92000
Data Scientist,183900
Data Scientist,108800
Data Scientist,166000
Data Scientist,73100
Data Scientist,231250
Data Scientist,111000
Data Analyst,180400
Data Analyst,138800
Data Scientist,258700
Data Scientist,172500
Data Scientist,156100
Data Scientist,100400
Data Analyst,134200
Data Analyst,103200
Data Analyst,105000
Data Analyst,85000
Data Scientist,220000
Data Scientist,160000
Data Analyst,110000
Data Analyst,95000
Data Analyst,95400
Data Analyst,57800
Data Scientist,110000
Data Scientist,86000
Data Analyst,125000
Data Analyst,87500
Data Analyst,171000
Data Analyst,93000
Data Scientist,205000
Data Scientist,166000
Data Scientist,231650
Data Scientist,189100
Data Scientist,156100
Data Scientist,100400
Data Analyst,109900
Data Analyst,61200
Data Analyst,166000
Data Analyst,73100
Data Scientist,138510
Data Scientist,95490
Data Analyst,150000
Data Analyst,110000
Data Scientist,232200
Data Scientist,133300
Data Scientist,166000
Data Scientist,104000
Data Analyst,135000
Data Analyst,82500
Data Scientist,195800
Data Scientist,161900
Data Analyst,120000
Data Analyst,105000
Data Analyst,110000
Data Analyst,87500
Data Scientist,60000
Data Scientist,55000
Data Scientist,220000
Data Scientist,146000
Data Scientist,180000
Data Scientist,160000
Data Scientist,166000
Data Scientist,90000
Data Scientist,160000
Data Scientist,94100
Data Scientist,247600
Data Scientist,127300
Data Analyst,156000
Data Analyst,124000
Data Analyst,111000
Data Analyst,104000
Data Scientist,180250
Data Scientist,118000
Data Scientist,212800
Data Scientist,111600
Data Analyst,157500
Data Analyst,132500
Data Analyst,85000
Data Analyst,75000
Data Analyst,93918
Data Analyst,51962
Data Scientist,130900
Data Scientist,72700
Data Analyst,166000
Data Analyst,73000
Data Analyst,149000
Data Analyst,65300
Data Analyst,119636
Data Analyst,70374
Data Analyst,105000
Data Analyst,67000
Data Analyst,102000
Data Analyst,94770
Data Scientist,133000
Data Scientist,58400
Data Scientist,305600
Data Scientist,172500
Data Analyst,105000
Data Analyst,75000
Data Scientist,212000
Data Scientist,93400
Data Scientist,119000
Data Scientist,71400
Data Analyst,115950
Data Analyst,69570
Data Scientist,225100
Data Scientist,140900
Data Scientist,212000
Data Scientist,93300
Data Scientist,156450
Data Scientist,119200
Data Analyst,100000
Data Analyst,75000
Data Scientist,201650
Data Scientist,124600
Data Scientist,212000
Data Scientist,93400
Data Analyst,145000
Data Analyst,110000
Data Scientist,184800
Data Scientist,161900
Data Analyst,116000
Data Analyst,72500
Data Scientist,147400
Data Scientist,107682
Data Scientist,225300
Data Scientist,197400
Data Analyst,86500
Data Analyst,40400
Data Scientist,329700
Data Scientist,192351
Data Analyst,175000
Data Analyst,150000
Data Scientist,185900
Data Scientist,129300
Data Analyst,120350
Data Analyst,74400
Data Scientist,172256
Data Scientist,123040
Data Analyst,95000
Data Analyst,80000
Data Scientist,131000
Data Scientist,110000
Data Scientist,280889
Data Scientist,187259
Data Scientist,150000
Data Scientist,80000
Data Scientist,170000
Data Scientist,120000
Data Analyst,98873
Data Analyst,58161
Data Scientist,307100
Data Scientist,216800
Data Scientist,153600
Data Scientist,106800
Data Analyst,250000
Data Analyst,125000
Data Scientist,180000
Data Scientist,162000
Data Analyst,164640
Data Analyst,131712
Data Analyst,74800
Data Analyst,63600
Data Scientist,138510
Data Scientist,95490
Data Scientist,137500
Data Scientist,81500
Data Scientist,165000
Data Scientist,115500
Data Analyst,55000
Data Analyst,49000
Data Scientist,168000
Data Scientist,130000
Data Scientist,105000
Data Scientist,70000
Data Analyst,105000
Data Analyst,100000
Data Analyst,120000
Data Analyst,85000
Data Analyst,157000
Data Analyst,125000
Data Scientist,208000
Data Scientist,134000
Data Scientist,258700
Data Scientist,160000
Data Scientist,258700
Data Scientist,188200
Data Analyst,177000
Data Analyst,118000
Data Scientist,287500
Data Scientist,168000
Data Scientist,153000
Data Scientist,136000
Data Analyst,93918
Data Analyst,51962
Data Scientist,136000
Data Scientist,104000
Data Analyst,110000
Data Analyst,90000
Data Scientist,143000
Data Scientist,117000
Data Scientist,130000
Data Scientist,110000
Data Scientist,73824
Data Scientist,55368
Data Scientist,275300
Data Scientist,183500
Data Scientist,164000
Data Scientist,130000
Data Analyst,80800
Data Analyst,53800
Data Scientist,201650
Data Scientist,124600
Data Analyst,145000
Data Analyst,110000
Data Analyst,87500
Data Analyst,62500
Data Analyst,142000
Data Analyst,128000
Data Scientist,155000
Data Scientist,139500
Data Scientist,120000
Data Scientist,100000
Data Scientist,207000
Data Scientist,141000
Data Scientist,90000
Data Scientist,55000
Data Analyst,116700
Data Analyst,93400
Data Analyst,80000
Data Analyst,50000
Data Scientist,195000
Data Scientist,143750
Data Scientist,180000
Data Scientist,162000
Data Scientist,199000
Data Scientist,196760
Data Analyst,175000
Data Analyst,150000
Data Analyst,46426
Data Analyst,38868
Data Analyst,126500
Data Analyst,78000
Data Scientist,185900
Data Scientist,129300
Data Analyst,150000
Data Analyst,120000
Data Scientist,297000
Data Scientist,138000
Data Analyst,147600
Data Analyst,106300
Data Analyst,102586
Data Analyst,79981
Data Scientist,227000
Data Scientist,185000
Data Scientist,208500
Data Scientist,165000
Data Analyst,100000
Data Analyst,75000
Data Scientist,48585
Data Scientist,38868
Data Scientist,137500
Data Scientist,81500
Data Analyst,111151
Data Analyst,66691
Data Scientist,190000
Data Scientist,138700
Data Analyst,95040
Data Analyst,59400
Data Scientist,308000
Data Scientist,144000
Data Analyst,120000
Data Analyst,90000
Data Analyst,155000
Data Analyst,120000
Data Analyst,280000
Data Analyst,200000
Data Scientist,290000
Data Scientist,173200
Data Scientist,235000
Data Scientist,204000
Data Scientist,155000
Data Scientist,105000
Data Scientist,19434
Data Analyst,80000
Data Analyst,50000
Data Scientist,185000
Data Scientist,123000
Data Analyst,53000
Data Analyst,48000
Data Scientist,150000
Data Scientist,125000
Data Scientist,150000
Data Scientist,130000
Data Analyst,125000
Data Analyst,115000
Data Analyst,185000
Data Analyst,160000
Data Scientist,160000
Data Scientist,130000
Data Scientist,316000
Data Scientist,202000
Data Scientist,189750
Data Scientist,119213
Data Scientist,135000
Data Scientist,114000
Data Scientist,218213
Data Scientist,178538
Data Scientist,215625
Data Scientist,159375
Data Analyst,93919
Data Analyst,51962
Data Scientist,211000
Data Scientist,185000
Data Scientist,262000
Data Scientist,245000
Data Scientist,190000
Data Scientist,150000
Data Analyst,80800
Data Analyst,53800
Data Scientist,210000
Data Scientist,180000
Data Scientist,169500
Data Scientist,138000
Data Scientist,204500
Data Scientist,138900
Data Scientist,260600
Data Scientist,170500
Data Scientist,214872
Data Scientist,186846
Data Analyst,95000
Data Analyst,70600
Data Analyst,149500
Data Analyst,127075
Data Scientist,245000
Data Scientist,185000
Data Analyst,80000
Data Analyst,70000
Data Analyst,90000
Data Analyst,80000
Data Analyst,61520
Data Analyst,49216
Data Scientist,202600
Data Scientist,168800
Data Scientist,164000
Data Scientist,130000
Data Scientist,168000
Data Scientist,130000
Data Scientist,160000
Data Scientist,140000
Data Scientist,168000
Data Scientist,130000
Data Scientist,145000
Data Scientist,115000
Data Scientist,194500
Data Scientist,110250
Data Scientist,295000
Data Scientist,177300
Data Analyst,55368
Data Analyst,44294
Data Scientist,136000
Data Scientist,104000
Data Analyst,85000
Data Analyst,79000
Data Scientist,153600
Data Scientist,106800
Data Scientist,168000
Data Scientist,130000
Data Scientist,107400
Data Scientist,101500
Data Scientist,164000
Data Scientist,130000
Data Scientist,300000
Data Scientist,211000
Data Analyst,115000
Data Analyst,110000
Data Analyst,167000
Data Analyst,150000
Data Scientist,161000
Data Scientist,116300
Data Analyst,140000
Data Analyst,125000
Data Scientist,151300
Data Scientist,126100
Data Scientist,202600
Data Scientist,168800
Data Analyst,180000
Data Analyst,125000
Data Analyst,70900
Data Analyst,49000
Data Scientist,168000
Data Scientist,130000
Data Analyst,93918
Data Analyst,51962
Data Scientist,180000
Data Scientist,160000
Data Scientist,140000
Data Scientist,140000
Data Scientist,215000
Data Scientist,160000
Data Analyst,125000
Data Analyst,80000
Data Scientist,202000
Data Scientist,140000
Data Scientist,96313
Data Analyst,48585
Data Analyst,43187
Data Analyst,145500
Data Analyst,108000
Data Analyst,122500
Data Analyst,82500
Data Scientist,190000
Data Scientist,160000
Data Analyst,95000
Data Analyst,75000
Data Scientist,136000
Data Scientist,104000
Data Analyst,130000
Data Analyst,105000
Data Scientist,308000
Data Scientist,144000
Data Scientist,240000
Data Scientist,180000
Data Scientist,210000
Data Scientist,165000
Data Scientist,212800
Data Scientist,111600
Data Scientist,230000
Data Scientist,153000
Data Scientist,204000
Data Scientist,127500
Data Scientist,250000
Data Scientist,125000
Data Analyst,120000
Data Analyst,88000
Data Scientist,240000
Data Scientist,180000
Data Scientist,210000
Data Scientist,165000
Data Scientist,135000
Data Scientist,110000
Data Scientist,185900
Data Scientist,129300
Data Analyst,369120
Data Analyst,61520
Data Scientist,204500
Data Scientist,142200
Data Analyst,92280
Data Analyst,67672
Data Analyst,135000
Data Analyst,110000
Data Analyst,120000
Data Analyst,100000
Data Scientist,180000
Data Scientist,162000
Data Scientist,156450
Data Scientist,119200
Data Scientist,245000
Data Scientist,185000
Data Scientist,154800
Data Scientist,76300
Data Scientist,178600
Data Scientist,88600
Data Analyst,93919
Data Analyst,51962
Data Scientist,207345
Data Scientist,180300
Data Analyst,140000
Data Analyst,110000
Data Scientist,228045
Data Scientist,198300
Data Analyst,100000
Data Analyst,75000
Data Scientist,48585
Data Scientist,38868
Data Scientist,78125
Data Scientist,40423
Data Analyst,223602
Data Analyst,143520
Data Scientist,180000
Data Scientist,162000
Data Analyst,120350
Data Analyst,74400
Data Scientist,185000
Data Scientist,123000
Data Analyst,90000
Data Analyst,80000
Data Analyst,115000
Data Analyst,105000
Data Scientist,296100
Data Scientist,144500
Data Analyst,118600
Data Analyst,96800
Data Scientist,100000
Data Analyst,142000
Data Analyst,128000
Data Scientist,155000
Data Scientist,139000
Data Analyst,142000
Data Analyst,128000
Data Analyst,139600
Data Analyst,85700
Data Scientist,238000
Data Scientist,156000
Data Analyst,145000
Data Analyst,106000
Data Scientist,212800
Data Scientist,111600
Data Analyst,175000
Data Analyst,130000
Data Scientist,191765
Data Scientist,134236
Data Scientist,238000
Data Scientist,156000
Data Scientist,198800
Data Scientist,90700
Data Analyst,110000
Data Analyst,70000
Data Analyst,42107
Data Scientist,179000
Data Scientist,109000
Data Scientist,180000
Data Scientist,140000
Data Scientist,233300
Data Scientist,155500
Data Analyst,117500
Data Analyst,86720
Data Analyst,167000
Data Analyst,150000
Data Analyst,90000
Data Analyst,70000
Data Scientist,212800
Data Scientist,111600
Data Scientist,165000
Data Scientist,116300
Data Scientist,324000
Data Scientist,159000
Data Scientist,155000
Data Scientist,135000
Data Scientist,168000
Data Scientist,130000
Data Scientist,164000
Data Scientist,130000
Data Analyst,67500
Data Analyst,46500
Data Analyst,105000
Data Analyst,78000
Data Analyst,250000
Data Analyst,125000
Data Scientist,204000
Data Scientist,150000
Data Analyst,110000
Data Analyst,95000
Data Scientist,220000
Data Scientist,160000
Data Scientist,225000
Data Scientist,156400
Data Scientist,297300
Data Scientist,198200
Data Analyst,168000
Data Analyst,112000
Data Scientist,253430
Data Scientist,212780
Data Scientist,272290
Data Scientist,169374
Data Scientist,180000
Data Scientist,162000
Data Scientist,223290
Data Scientist,131310
Data Analyst,185100
Data Analyst,133300
Data Analyst,73824
Data Analyst,61520
Data Scientist,260000
Data Scientist,160000
Data Analyst,150000
Data Analyst,120000
Data Analyst,175000
Data Analyst,135000
Data Analyst,100000
Data Analyst,75000
Data Scientist,170000
Data Scientist,144500
Data Analyst,106400
Data Analyst,81800
Data Scientist,79976
Data Scientist,55368
Data Analyst,80000
Data Analyst,59500
Data Analyst,105000
Data Analyst,75000
Data Scientist,185900
Data Scientist,129300
Data Analyst,73824
Data Analyst,61520
Data Scientist,316000
Data Scientist,202000
Data Scientist,140000
Data Scientist,105000
Data Scientist,145000
Data Scientist,115000
Data Analyst,80000
Data Analyst,70000
Data Scientist,204500
Data Scientist,138900
Data Scientist,257000
Data Scientist,197000
Data Analyst,85000
Data Analyst,79000
Data Analyst,93919
Data Analyst,51962
Data Scientist,135344
Data Scientist,98432
Data Analyst,53120
Data Analyst,33686
Data Scientist,153600
Data Scientist,106800
Data Scientist,207900
Data Scientist,158400
Data Scientist,172200
Data Scientist,131200
Data Scientist,105000
Data Scientist,70000
Data Scientist,240000
Data Scientist,142500
Data Scientist,34924
Data Scientist,250830
Data Scientist,143370
Data Scientist,203500
Data Scientist,166500
Data Scientist,180000
Data Scientist,162000
Data Analyst,180400
Data Analyst,138800
Data Analyst,87500
Data Analyst,62500
Data Analyst,129150
Data Analyst,98400
Data Analyst,192500
Data Analyst,140000
Data Analyst,95000
Data Analyst,80000
Data Scientist,120000
Data Scientist,100000
Data Analyst,229000
Data Analyst,131000
Data Analyst,192000
Data Analyst,164000
Data Scientist,223800
Data Scientist,172100
Data Scientist,175750
Data Scientist,136742
Data Scientist,228856
Data Scientist,144540
Data Scientist,155000
Data Scientist,125000
Data Scientist,176000
Data Scientist,152000
Data Scientist,225000
Data Scientist,172758
Data Analyst,110000
Data Analyst,85000
Data Scientist,140000
Data Scientist,100000
Data Analyst,123040
Data Analyst,92280
Data Scientist,115000
Data Scientist,90000
Data Analyst,195000
Data Analyst,73500
Data Scientist,225000
Data Scientist,111967
Data Analyst,104000
Data Analyst,88000
Data Scientist,48585
Data Scientist,38868
Data Analyst,142000
Data Analyst,128000
Data Scientist,180000
Data Scientist,162000
Data Analyst,129000
Data Analyst,95000
Data Analyst,92280
Data Analyst,67672
Data Analyst,130000
Data Analyst,105000
Data Scientist,268000
Data Scientist,137500
Data Analyst,153300
Data Analyst,104244
Data Scientist,190000
Data Scientist,145000
Data Scientist,226000
Data Scientist,160000
Data Analyst,80000
Data Analyst,70000
Data Scientist,181500
Data Scientist,127000
Data Analyst,131650
Data Analyst,105320
Data Scientist,147500
Data Scientist,112500
Data Analyst,134200
Data Analyst,103200
Data Analyst,65000
Data Analyst,55000
Data Scientist,234000
Data Scientist,176000
Data Analyst,180400
Data Analyst,138800
Data Scientist,126900
Data Scientist,77900
Data Analyst,85000
Data Analyst,75000
Data Analyst,169000
Data Analyst,110600
Data Scientist,168000
Data Scientist,130000
Data Scientist,150000
Data Scientist,140000
Data Scientist,226000
Data Scientist,162000
Data Scientist,120000
Data Scientist,100000
Data Scientist,230000
Data Scientist,180000
Data Scientist,164000
Data Scientist,130000
Data Scientist,136000
Data Scientist,104000
Data Analyst,53120
Data Analyst,38868
Data Scientist,200000
Data Scientist,160000
Data Analyst,67500
Data Analyst,46500
Data Scientist,222000
Data Scientist,115920
Data Analyst,95000
Data Analyst,80000
Data Scientist,130500
Data Scientist,111000
Data Analyst,213210
Data Analyst,102434
Data Scientist,226600
Data Scientist,140100
Data Scientist,225000
Data Scientist,156400
Data Analyst,139000
Data Analyst,85700
Data Analyst,110000
Data Analyst,75000
Data Analyst,65000
Data Analyst,55000
Data Analyst,169000
Data Analyst,110600
Data Scientist,135000
Data Scientist,70000
Data Scientist,168000
Data Scientist,130000
Data Analyst,146200
Data Analyst,116960
Data Scientist,359170
Data Scientist,295490
Data Scientist,48585
Data Scientist,38868
Data Scientist,253000
Data Scientist,162000
Data Scientist,164000
Data Scientist,130000
Data Scientist,359170
Data Scientist,295490
Data Analyst,94600
Data Analyst,86000
Data Scientist,136000
Data Scientist,104000
Data Scientist,185000
Data Scientist,126000
Data Scientist,160000
Data Scientist,130000
Data Scientist,123040
Data Scientist,73824
Data Scientist,248100
Data Scientist,145900
Data Scientist,175000
Data Scientist,150000
Data Analyst,150000
Data Analyst,135000
Data Analyst,150000
Data Analyst,85000
Data Scientist,208500
Data Scientist,165000
Data Scientist,205500
Data Scientist,132500
Data Analyst,75000
Data Analyst,67500
Data Scientist,300000
Data Scientist,160000
Data Analyst,142000
Data Analyst,128000
Data Scientist,160000
Data Scientist,140000
Data Scientist,265000
Data Scientist,153000
Data Analyst,143000
Data Analyst,126277
Data Scientist,230000
Data Scientist,153000
Data Scientist,145000
Data Scientist,115000
Data Analyst,140000
Data Analyst,126000
Data Scientist,370000
Data Scientist,300000
Data Analyst,136000
Data Analyst,104000
Data Scientist,205000
Data Scientist,157500
Data Analyst,120000
Data Analyst,110000
Data Analyst,100000
Data Analyst,75000
Data Scientist,170500
Data Scientist,118575
Data Analyst,130000
Data Analyst,100000
Data Analyst,154500
Data Analyst,131325
Data Analyst,192000
Data Analyst,138240
Data Scientist,207500
Data Scientist,172900
Data Scientist,135000
Data Scientist,70000
Data Scientist,254000
Data Scientist,185000
Data Scientist,225000
Data Scientist,156400
Data Analyst,90000
Data Analyst,70000
Data Scientist,25912
Data Scientist,134960
Data Analyst,140000
Data Analyst,120000
Data Scientist,185900
Data Scientist,167310
Data Analyst,94600
Data Analyst,86000
Data Scientist,297300
Data Scientist,198200
Data Analyst,167000
Data Analyst,150000
Data Scientist,265000
Data Scientist,172000
Data Scientist,160800
Data Scientist,132200
Data Analyst,133000
Data Analyst,113000
Data Analyst,105000
Data Analyst,75000
Data Scientist,208400
Data Scientist,139000
Data Scientist,85600
Data Scientist,48915
Data Analyst,78000
Data Analyst,68000
Data Scientist,275500
Data Scientist,206000
Data Scientist,228000
Data Scientist,136000
Data Analyst,180000
Data Analyst,140000
Data Scientist,175000
Data Scientist,155000
Data Analyst,207611
Data Analyst,127876
Data Analyst,111000
Data Analyst,104000
Data Analyst,61520
Data Analyst,43064
Data Analyst,97750
Data Analyst,75000
Data Analyst,192000
Data Analyst,92000
Data Analyst,132600
Data Analyst,81500
Data Analyst,175000
Data Analyst,135000
Data Scientist,239000
Data Scientist,136000
Data Analyst,54000
Data Analyst,36000
Data Scientist,176000
Data Scientist,118720
Data Scientist,204500
Data Scientist,138900
Data Scientist,272300
Data Scientist,222800
Data Scientist,185900
Data Scientist,129300
Data Scientist,281000
Data Scientist,181000
Data Scientist,323300
Data Scientist,184700
Data Analyst,161000
Data Analyst,123000
Data Analyst,145000
Data Analyst,106000
Data Scientist,278700
Data Scientist,159300
Data Scientist,180000
Data Scientist,140000
Data Scientist,230000
Data Scientist,175000
Data Scientist,310270
Data Scientist,239080
Data Analyst,85000
Data Analyst,70000
Data Analyst,90000
Data Analyst,70000
Data Analyst,107500
Data Analyst,96750
Data Scientist,250000
Data Scientist,225000
Data Analyst,140000
Data Analyst,95000
Data Analyst,204500
Data Analyst,138900
Data Scientist,147100
Data Scientist,90700
Data Analyst,192000
Data Analyst,138240
Data Scientist,180000
Data Scientist,162000
Data Scientist,185000
Data Scientist,122000
Data Scientist,185000
Data Scientist,122000
Data Scientist,205000
Data Scientist,150000
Data Analyst,139000
Data Analyst,85700
Data Scientist,226600
Data Scientist,140100
Data Scientist,204500
Data Scientist,138900
Data Scientist,172200
Data Scientist,131200
Data Scientist,110736
Data Scientist,86128
Data Scientist,244000
Data Scientist,157000
Data Analyst,120350
Data Analyst,74400
Data Scientist,281000
Data Scientist,181000
Data Analyst,65000
Data Analyst,55000
Data Scientist,250000
Data Scientist,160000
Data Scientist,183200
Data Scientist,122200
Data Analyst,100000
Data Analyst,75000
Data Analyst,185000
Data Analyst,145000
Data Scientist,131000
Data Scientist,101000
Data Scientist,187000
Data Scientist,128000
Data Analyst,138000
Data Analyst,92000
Data Scientist,140000
Data Scientist,120000
Data Analyst,138000
Data Analyst,92000
Data Analyst,93918
Data Analyst,51962
Data Scientist,189750
Data Scientist,145000
Data Analyst,130000
Data Analyst,95000
Data Scientist,359170
Data Scientist,310270
Data Scientist,82254
Data Scientist,61699
Data Analyst,138000
Data Analyst,92000
Data Scientist,174000
Data Scientist,139000
Data Scientist,189750
Data Scientist,119213
Data Analyst,75000
Data Analyst,65000
Data Scientist,238000
Data Scientist,156000
Data Analyst,204500
Data Analyst,138900
Data Scientist,228000
Data Scientist,136000
Data Scientist,233300
Data Scientist,155500
Data Analyst,94000
Data Analyst,81900
Data Analyst,92280
Data Analyst,67672
Data Analyst,80000
Data Analyst,70000
Data Analyst,169000
Data Analyst,110600
Data Scientist,190000
Data Scientist,150000
Data Scientist,154700
Data Scientist,118900
Data Scientist,156000
Data Scientist,105000
Data Analyst,138860
Data Analyst,119610
Data Scientist,205485
Data Scientist,156560
Data Scientist,230000
Data Scientist,175000
Data Scientist,265000
Data Scientist,153000
Data Analyst,150000
Data Analyst,125000
Data Scientist,135000
Data Scientist,100000
Data Analyst,100000
Data Analyst,59000
Data Scientist,92280
Data Scientist,79976
Data Scientist,225000
Data Scientist,156400
Data Analyst,144100
Data Analyst,89100
Data Scientist,145000
Data Scientist,115000
Data Analyst,94000
Data Analyst,81900
Data Scientist,164000
Data Scientist,130000
Data Scientist,323300
Data Scientist,184700
Data Analyst,93918
Data Analyst,51962
Data Scientist,150000
Data Scientist,130000
Data Scientist,201000
Data Scientist,122000
Data Analyst,110000
Data Analyst,90000
Data Scientist,140000
Data Scientist,126000
Data Scientist,170000
Data Scientist,130000
Data Scientist,185900
Data Scientist,129300
Data Scientist,225000
Data Scientist,156400
Data Scientist,225000
Data Scientist,156400
Data Analyst,204500
Data Analyst,138900
Data Scientist,185900
Data Scientist,129300
Data Scientist,61520
Data Scientist,49216
Data Analyst,169000
Data Analyst,110600
Data Scientist,225000
Data Scientist,156400
Data Scientist,185900
Data Scientist,129300
Data Scientist,153600
Data Scientist,106800
Data Scientist,71259
Data Scientist,125000
Data Scientist,90000
Data Scientist,161000
Data Scientist,151000
Data Analyst,53120
Data Analyst,38868
Data Scientist,214500
Data Scientist,150000
Data Scientist,225000
Data Scientist,156400
Data Analyst,120350
Data Analyst,74400
Data Scientist,175000
Data Scientist,125000
Data Scientist,212800
Data Scientist,111600
Data Scientist,205485
Data Scientist,156560
Data Analyst,168000
Data Analyst,78400
Data Analyst,212000
Data Analyst,132000
Data Analyst,177000
Data Analyst,110000
Data Scientist,164000
Data Scientist,130000
Data Scientist,185900
Data Scientist,129300
Data Analyst,148000
Data Analyst,92000
Data Analyst,115934
Data Analyst,81666
Data Analyst,110000
Data Analyst,79000
Data Analyst,160000
Data Analyst,112000
Data Scientist,285000
Data Scientist,154000
Data Analyst,110000
Data Analyst,90000
Data Scientist,177000
Data Scientist,136000
Data Analyst,110000
Data Analyst,80000
Data Analyst,115000
Data Analyst,75000
Data Analyst,138860
Data Analyst,122720
Data Scientist,140000
Data Scientist,126000
Data Scientist,299500
Data Scientist,249600
Data Analyst,100000
Data Analyst,75000
Data Scientist,135000
Data Scientist,105000
Data Scientist,267100
Data Scientist,167200
Data Scientist,202000
Data Scientist,140000
Data Scientist,150931
Data Scientist,143250
Data Scientist,277300
Data Scientist,213300
Data Scientist,180000
Data Scientist,135000
Data Scientist,184250
Data Scientist,167500
Data Scientist,230000
Data Scientist,175000
Data Analyst,154440
Data Analyst,68550
Data Analyst,90000
Data Analyst,60000
Data Analyst,49216
Data Analyst,41833
Data Scientist,136000
Data Scientist,104000
Data Analyst,223100
Data Analyst,114700
Data Analyst,172800
Data Analyst,110000
Data Analyst,95000
Data Analyst,70000
Data Scientist,180000
Data Scientist,120000
Data Scientist,185900
Data Scientist,129300
Data Analyst,120350
Data Analyst,74400
Data Analyst,134000
Data Analyst,120000
Data Scientist,153600
Data Scientist,106800
Data Scientist,185900
Data Scientist,129300
Data Analyst,134200
Data Analyst,103200
Data Analyst,93919
Data Analyst,51962
Data Analyst,93919
Data Analyst,51962
Data Analyst,186600
Data Analyst,119800
Data Analyst,280000
Data Analyst,200000
Data Scientist,235000
Data Scientist,204000
Data Scientist,141600
Data Scientist,94400
Data Scientist,209450
Data Scientist,167560
Data Scientist,238000
Data Scientist,149500
Data Scientist,258000
Data Scientist,202000
Data Scientist,228000
Data Scientist,136000
Data Analyst,195000
Data Analyst,140000
Data Analyst,86128
Data Scientist,278700
Data Scientist,159300
Data Scientist,323300
Data Scientist,184700
Data Analyst,40747
Data Analyst,160000
Data Analyst,131000
Data Scientist,168000
Data Scientist,130000
Data Scientist,222000
Data Scientist,166500
Data Scientist,136000
Data Scientist,104000
Data Analyst,230000
Data Analyst,135000
Data Analyst,80000
Data Analyst,60000
Data Scientist,155000
Data Scientist,139500
Data Scientist,126500
Data Scientist,78000
Data Scientist,157750
Data Scientist,104650
Data Scientist,176000
Data Scientist,133000
Data Analyst,120000
Data Analyst,100000
Data Analyst,182000
Data Analyst,150000
Data Scientist,159100
Data Scientist,120160
Data Scientist,225000
Data Scientist,156400
Data Analyst,85000
Data Analyst,72250
Data Analyst,93919
Data Analyst,51962
Data Scientist,120681
Data Scientist,72409
Data Scientist,136000
Data Scientist,104000
Data Scientist,230000
Data Scientist,175000
Data Scientist,359170
Data Scientist,310270
Data Scientist,359170
Data Scientist,295490
Data Scientist,178560
Data Scientist,148800
Data Scientist,278700
Data Scientist,159300
Data Analyst,66000
Data Analyst,52000
Data Scientist,323300
Data Scientist,184700
Data Scientist,202000
Data Scientist,140000
Data Scientist,235000
Data Scientist,200000
Data Scientist,359170
Data Scientist,295490
Data Scientist,316000
Data Scientist,202000
Data Analyst,166500
Data Analyst,113220
Data Analyst,105000
Data Analyst,70000
Data Scientist,185000
Data Scientist,86700
Data Analyst,192300
Data Analyst,153800
Data Scientist,155000
Data Scientist,139500
Data Analyst,131650
Data Analyst,105320
Data Analyst,146190
Data Analyst,119610
Data Scientist,228856
Data Scientist,144540
Data Scientist,126500
Data Scientist,78000
Data Scientist,48585
Data Scientist,38868
Data Analyst,126500
Data Analyst,78000
Data Scientist,105000
Data Scientist,70000
Data Scientist,205150
Data Scientist,167850
Data Scientist,267100
Data Scientist,167200
Data Analyst,130000
Data Analyst,110000
Data Scientist,222750
Data Scientist,182250
Data Scientist,50745
Data Scientist,206000
Data Scientist,140250
Data Scientist,198000
Data Scientist,124000
Data Analyst,125000
Data Analyst,105000
Data Scientist,86128
Data Scientist,51676
Data Scientist,258000
Data Scientist,190000
Data Scientist,184184
Data Scientist,167441
Data Scientist,32390
Data Scientist,136000
Data Scientist,104000
Data Analyst,105000
Data Analyst,75000
Data Analyst,95000
Data Analyst,75000
Data Scientist,139500
Data Scientist,90000
Data Scientist,191000
Data Scientist,146000
Data Scientist,155000
Data Scientist,139500
Data Analyst,138860
Data Analyst,122720
Data Analyst,250000
Data Analyst,100000
Data Scientist,209450
Data Scientist,167560
Data Scientist,16000
Data Scientist,230000
Data Scientist,175000
Data Analyst,150000
Data Analyst,110000
Data Analyst,101500
Data Analyst,83700
Data Scientist,310270
Data Scientist,253430
Data Analyst,110000
Data Analyst,70000
Data Scientist,283000
Data Scientist,184000
Data Analyst,166500
Data Analyst,113220
Data Scientist,220000
Data Scientist,185000
Data Scientist,174000
Data Scientist,134000
Data Scientist,359170
Data Scientist,310270
Data Scientist,359170
Data Scientist,295490
Data Scientist,123040
Data Scientist,73824
Data Scientist,359170
Data Scientist,295490
Data Analyst,47899
Data Analyst,139600
Data Analyst,85700
Data Scientist,222000
Data Scientist,166500
Data Analyst,59382
Data Analyst,160000
Data Analyst,140000
Data Analyst,186600
Data Analyst,119800
Data Scientist,169000
Data Scientist,129300
Data Scientist,189750
Data Scientist,131100
Data Scientist,180000
Data Scientist,140000
Data Analyst,94000
Data Analyst,81900
Data Analyst,118000
Data Analyst,94400
Data Scientist,190000
Data Scientist,125000
Data Analyst,80000
Data Analyst,60000
Data Analyst,150000
Data Analyst,110000
Data Scientist,230000
Data Scientist,175000
Data Scientist,175000
Data Scientist,160000
Data Scientist,255000
Data Scientist,160000
Data Scientist,240000
Data Scientist,187000
Data Scientist,195000
Data Scientist,119000
Data Analyst,80000
Data Analyst,70000
Data Analyst,73824
Data Analyst,61520
Data Scientist,245000
Data Scientist,185000
Data Analyst,65000
Data Analyst,55000
Data Analyst,110000
Data Analyst,75000
Data Analyst,139600
Data Analyst,85700
Data Scientist,128750
Data Scientist,79350
Data Scientist,185900
Data Scientist,129300
Data Analyst,165000
Data Analyst,142500
Data Scientist,213654
Data Scientist,142436
Data Scientist,175000
Data Scientist,148750
Data Scientist,135000
Data Scientist,95000
Data Scientist,227240
Data Scientist,197600
Data Scientist,161000
Data Scientist,140000
Data Scientist,210000
Data Scientist,178500
Data Analyst,160000
Data Analyst,140000
Data Analyst,120350
Data Analyst,74400
Data Analyst,115000
Data Analyst,72000
Data Analyst,169000
Data Analyst,110600
Data Analyst,67672
Data Analyst,67672
Data Scientist,240000
Data Scientist,142000
Data Analyst,80000
Data Analyst,60000
Data Analyst,144000
Data Analyst,132000
Data Analyst,106400
Data Analyst,81800
Data Analyst,134200
Data Analyst,103200
Data Analyst,110000
Data Analyst,93500
Data Scientist,270000
Data Scientist,220000
Data Scientist,225000
Data Scientist,156400
Data Analyst,140000
Data Analyst,100000
Data Analyst,50000
Data Analyst,40000
Data Scientist,185900
Data Scientist,129300
Data Analyst,120000
Data Analyst,95000
Data Analyst,98432
Data Analyst,55368
Data Scientist,225000
Data Scientist,156400
Data Analyst,85000
Data Analyst,65000
Data Scientist,48585
Data Scientist,38868
Data Scientist,185900
Data Scientist,129300
Data Analyst,136000
Data Analyst,104000
Data Scientist,250000
Data Scientist,180000
Data Scientist,240000
Data Scientist,157000
Data Analyst,140700
Data Analyst,109600
Data Analyst,110000
Data Analyst,95000
Data Analyst,155000
Data Analyst,120000
Data Analyst,85000
Data Analyst,80000
Data Scientist,24000
Data Scientist,192000
Data Scientist,178000
Data Scientist,218000
Data Scientist,85000
Data Scientist,218000
Data Scientist,85000
Data Scientist,130000
Data Scientist,85000
Data Scientist,184000
Data Scientist,123000
Data Analyst,75000
Data Analyst,65000
Data Scientist,258000
Data Scientist,190000
Data Analyst,169000
Data Analyst,110600
Data Analyst,80000
Data Analyst,70000
Data Analyst,136505
Data Analyst,100895
Data Scientist,168400
Data Scientist,105200
Data Analyst,93000
Data Analyst,177000
Data Analyst,118000
Data Analyst,120350
Data Analyst,74400
Data Scientist,170000
Data Scientist,125000
Data Analyst,130000
Data Analyst,100000
Data Analyst,105000
Data Analyst,80000
Data Analyst,160000
Data Analyst,55000
Data Scientist,120000
Data Scientist,90000
Data Scientist,218000
Data Scientist,118000
Data Scientist,210000
Data Scientist,168000
Data Scientist,258750
Data Scientist,185000
Data Scientist,225000
Data Scientist,145000
Data Scientist,48585
Data Scientist,38868
Data Scientist,190000
Data Scientist,165000
Data Scientist,175000
Data Scientist,160000
Data Analyst,105000
Data Analyst,95000
Data Scientist,160000
Data Scientist,135000
Data Analyst,126000
Data Analyst,86400
Data Analyst,136000
Data Analyst,104000
Data Scientist,185900
Data Scientist,129300
Data Scientist,168000
Data Scientist,130000
Data Scientist,185900
Data Scientist,129300
Data Scientist,240350
Data Scientist,174800
Data Scientist,168000
Data Scientist,130000
Data Analyst,153600
Data Analyst,107500
Data Analyst,94100
Data Analyst,72400
Data Scientist,233200
Data Scientist,140000
Data Analyst,153600
Data Analyst,107500
Data Scientist,145000
Data Scientist,120000
Data Analyst,206000
Data Analyst,130000
Data Analyst,153600
Data Analyst,107500
Data Scientist,200000
Data Scientist,170000
Data Scientist,150120
Data Scientist,120096
Data Scientist,200000
Data Scientist,170000
Data Scientist,155000
Data Scientist,100000
Data Scientist,151410
Data Scientist,115360
Data Analyst,115000
Data Analyst,105000
Data Analyst,94035
Data Analyst,57920
Data Analyst,113600
Data Analyst,60000
Data Scientist,256000
Data Scientist,160000
Data Analyst,116000
Data Analyst,78000
Data Analyst,115934
Data Analyst,81666
Data Scientist,244000
Data Scientist,197000
Data Scientist,237000
Data Scientist,201450
Data Scientist,231000
Data Scientist,134000
Data Scientist,285800
Data Scientist,154600
Data Scientist,35000
Data Scientist,225000
Data Scientist,156400
Data Scientist,196000
Data Scientist,121000
Data Scientist,219000
Data Scientist,141000
Data Analyst,147000
Data Analyst,92000
Data Analyst,145000
Data Analyst,106000
Data Scientist,190000
Data Scientist,160000
Data Scientist,228856
Data Scientist,144540
Data Scientist,140000
Data Scientist,115000
Data Analyst,84000
Data Analyst,60000
Data Scientist,281000
Data Scientist,181000
Data Analyst,69525
Data Analyst,61800
Data Scientist,192000
Data Scientist,164000
Data Scientist,40000
Data Analyst,125000
Data Analyst,95000
Data Scientist,48585
Data Scientist,38868
Data Scientist,140000
Data Scientist,105000
Data Scientist,130001
Data Scientist,71907
Data Analyst,189400
Data Analyst,131685
Data Scientist,150000
Data Scientist,130000
Data Analyst,172000
Data Analyst,110000
Data Analyst,110000
Data Analyst,90000
Data Scientist,77791
Data Scientist,55410
Data Analyst,150000
Data Analyst,95000
Data Scientist,277500
Data Scientist,206000
Data Scientist,236500
Data Scientist,176000
Data Analyst,155000
Data Analyst,120000
Data Scientist,172800
Data Scientist,110000
Data Analyst,62000
Data Analyst,55000
Data Analyst,160000
Data Analyst,135000
Data Scientist,177300
Data Scientist,136300
Data Analyst,83000
Data Analyst,72000
Data Analyst,208450
Data Analyst,170550
Data Scientist,190000
Data Scientist,165000
Data Scientist,189750
Data Scientist,131100
Data Analyst,120000
Data Analyst,100000
Data Scientist,210000
Data Scientist,160000
Data Scientist,210000
Data Scientist,160000
Data Scientist,210000
Data Scientist,160000
Data Scientist,210000
Data Scientist,160000
Data Scientist,210000
Data Scientist,160000
Data Scientist,210000
Data Scientist,160000
Data Scientist,210000
Data Scientist,160000
Data Scientist,210000
Data Scientist,160000
Data Scientist,236500
Data Scientist,176000
Data Scientist,105000
Data Scientist,102500
Data Analyst,207300
Data Analyst,149200
Data Scientist,160000
Data Scientist,120000
Data Analyst,140000
Data Analyst,120000
Data Scientist,170000
Data Scientist,150000
Data Analyst,123400
Data Analyst,82200
Data Scientist,214000
Data Scientist,164000
Data Analyst,125000
Data Analyst,98000
Data Analyst,142000
Data Analyst,87500
Data Scientist,48585
Data Scientist,38868
Data Scientist,280830
Data Scientist,173175
Data Scientist,195000
Data Scientist,160000
Data Scientist,275300
Data Scientist,183500
Data Scientist,175000
Data Scientist,145000
Data Analyst,105000
Data Analyst,85000
Data Scientist,175000
Data Scientist,160000
Data Scientist,183924
Data Scientist,125760
Data Analyst,150000
Data Analyst,105000
Data Scientist,175000
Data Scientist,120000
Data Scientist,219000
Data Scientist,141000
Data Scientist,147100
Data Scientist,90700
Data Analyst,130000
Data Analyst,100000
Data Scientist,170000
Data Scientist,150000
Data Analyst,150000
Data Analyst,110000
Data Analyst,105380
Data Analyst,64500
Data Scientist,212750
Data Scientist,185000
Data Scientist,262000
Data Scientist,245000
Data Scientist,275300
Data Scientist,183500
Data Scientist,218500
Data Scientist,199098
Data Scientist,258750
Data Scientist,185000
Data Scientist,172500
Data Scientist,110500
Data Scientist,237000
Data Scientist,201450
Data Scientist,48585
Data Scientist,38868
Data Scientist,105000
Data Scientist,70000
Data Analyst,202800
Data Analyst,104300
Data Analyst,145000
Data Analyst,65000
Data Scientist,150000
Data Scientist,120000
Data Scientist,138784
Data Scientist,83270
Data Analyst,75000
Data Analyst,70000
Data Analyst,204500
Data Analyst,138900
Data Scientist,195000
Data Scientist,160000
Data Analyst,46755
Data Analyst,43064
Data Analyst,168400
Data Analyst,105200
Data Analyst,55368
Data Analyst,43064
Data Scientist,67672
Data Scientist,55368
Data Analyst,85000
Data Analyst,75000
Data Scientist,228000
Data Scientist,186000
Data Scientist,190000
Data Scientist,170000
Data Scientist,224000
Data Scientist,176000
Data Analyst,120000
Data Analyst,75000
Data Analyst,140000
Data Analyst,120000
Data Scientist,250000
Data Scientist,162500
Data Scientist,203500
Data Scientist,152000
Data Scientist,239000
Data Scientist,122900
Data Scientist,237000
Data Scientist,145000
Data Scientist,88256
Data Analyst,135000
Data Analyst,105500
Data Analyst,80000
Data Analyst,70000
Data Scientist,175000
Data Scientist,145000
Data Analyst,200000
Data Analyst,148500
Data Scientist,48585
Data Scientist,38868
Data Analyst,149500
Data Analyst,127075
Data Scientist,195000
Data Scientist,160000
Data Scientist,170000
Data Scientist,135000
Data Scientist,175000
Data Scientist,145000
Data Scientist,199000
Data Scientist,162000
Data Analyst,187000
Data Analyst,128000
Data Scientist,175000
Data Scientist,100000
Data Scientist,245000
Data Scientist,180000
Data Analyst,142000
Data Analyst,75000
Data Analyst,125000
Data Analyst,112000
Data Scientist,210000
Data Scientist,155000
Data Scientist,165000
Data Scientist,140000
Data Analyst,139000
Data Analyst,106000
Data Analyst,40747
Data Scientist,51861
Data Analyst,140000
Data Analyst,120000
Data Scientist,130001
Data Scientist,71907
Data Scientist,93918
Data Scientist,51962
Data Analyst,175000
Data Analyst,135000
Data Scientist,203000
Data Scientist,133200
Data Scientist,185900
Data Scientist,129300
Data Scientist,238000
Data Scientist,156000
Data Scientist,140000
Data Scientist,110000
Data Analyst,90000
Data Analyst,75000
Data Analyst,155000
Data Analyst,106000
Data Scientist,157750
Data Scientist,104650
Data Scientist,180000
Data Scientist,140000
Data Scientist,200000
Data Scientist,145000
Data Scientist,48585
Data Scientist,38868
Data Analyst,105000
Data Analyst,90000
Data Analyst,135000
Data Analyst,105500
Data Scientist,252000
Data Scientist,154000
Data Scientist,191765
Data Scientist,134236
Data Scientist,175000
Data Scientist,145000
Data Scientist,237000
Data Scientist,145000
Data Analyst,80000
Data Analyst,70000
Data Analyst,64200
Data Analyst,56100
Data Analyst,208450
Data Analyst,170550
Data Scientist,200000
Data Scientist,170000
Data Scientist,171250
Data Scientist,113750
Data Analyst,153600
Data Analyst,100500
Data Analyst,182500
Data Analyst,121500
Data Analyst,73824
Data Analyst,55368
Data Scientist,258000
Data Scientist,190000
Data Scientist,170000
Data Scientist,135000
Data Scientist,195000
Data Scientist,160000
Data Analyst,100000
Data Analyst,80000
Data Scientist,297300
Data Scientist,198200
Data Scientist,200000
Data Scientist,170000
Data Scientist,317070
Data Scientist,170730
Data Scientist,225000
Data Scientist,175000
Data Analyst,175000
Data Analyst,145000
Data Analyst,148700
Data Analyst,125600
Data Analyst,185000
Data Analyst,120250
Data Scientist,275300
Data Scientist,183000
Data Scientist,185900
Data Scientist,129300
Data Scientist,173000
Data Scientist,132000
Data Analyst,208049
Data Analyst,128500
Data Scientist,275300
Data Scientist,183500
Data Scientist,145000
Data Scientist,100000
Data Analyst,190000
Data Analyst,95000
Data Analyst,153600
Data Analyst,106800
Data Scientist,97171
Data Scientist,80976
Data Analyst,128000
Data Analyst,85000
Data Scientist,275300
Data Scientist,183500
Data Analyst,135000
Data Analyst,105500
Data Analyst,100000
Data Analyst,80000
Data Analyst,154000
Data Analyst,143000
Data Scientist,79976
Data Scientist,51676
Data Scientist,190000
Data Scientist,120000
Data Scientist,86128
Data Scientist,51676
Data Scientist,110736
Data Scientist,73824
Data Scientist,122638
Data Scientist,73546
Data Analyst,85000
Data Analyst,75000
Data Scientist,60462
Data Analyst,83500
Data Analyst,52500
Data Scientist,201036
Data Scientist,134024
Data Analyst,165000
Data Analyst,140000
Data Scientist,172000
Data Scientist,115000
Data Scientist,237000
Data Scientist,145000
Data Scientist,258000
Data Scientist,190000
Data Scientist,239748
Data Scientist,159832
Data Scientist,186300
Data Scientist,102500
Data Scientist,190000
Data Scientist,126000
Data Analyst,180180
Data Analyst,106020
Data Analyst,153600
Data Analyst,100500
Data Analyst,206500
Data Analyst,121600
Data Analyst,95000
Data Analyst,70000
Data Analyst,115934
Data Analyst,81666
Data Scientist,175000
Data Scientist,120000
Data Analyst,206000
Data Analyst,130000
Data Analyst,110000
Data Analyst,75000
Data Analyst,160000
Data Analyst,112000
Data Scientist,145000
Data Scientist,100000
Data Scientist,210000
Data Scientist,160000
Data Scientist,145000
Data Scientist,100000
Data Analyst,100000
Data Analyst,85000
Data Scientist,200000
Data Scientist,145000
Data Analyst,185000
Data Analyst,120250
Data Scientist,205000
Data Scientist,140000
Data Scientist,297300
Data Scientist,198200
Data Analyst,70000
Data Analyst,55000
Data Analyst,75000
Data Analyst,65000
Data Analyst,180180
Data Analyst,106020
Data Scientist,105000
Data Scientist,70000
Data Analyst,75000
Data Analyst,60000
Data Analyst,169000
Data Analyst,110600
Data Scientist,59382
Data Scientist,48585
Data Scientist,239748
Data Scientist,159832
Data Scientist,128750
Data Scientist,106250
Data Analyst,250000
Data Analyst,138000
Data Analyst,130000
Data Analyst,100000
Data Analyst,127000
Data Analyst,94000
Data Scientist,210550
Data Scientist,153300
Data Scientist,200000
Data Scientist,150000
Data Analyst,161500
Data Analyst,119500
Data Analyst,175000
Data Analyst,145000
Data Scientist,175000
Data Scientist,148750
Data Scientist,186300
Data Scientist,123900
Data Scientist,64781
Data Analyst,185900
Data Analyst,121700
Data Analyst,153600
Data Analyst,106800
Data Analyst,100000
Data Analyst,125000
Data Analyst,110000
Data Analyst,150000
Data Analyst,100000
Data Scientist,149076
Data Scientist,82365
Data Analyst,98432
Data Analyst,49216
Data Analyst,95000
Data Analyst,85500
Data Analyst,185900
Data Analyst,121700
Data Scientist,150000
Data Scientist,97750
Data Scientist,201000
Data Scientist,122000
Data Analyst,120000
Data Analyst,75000
Data Scientist,116990
Data Scientist,82920
Data Scientist,185900
Data Scientist,129300
Data Scientist,201000
Data Scientist,122000
Data Scientist,190000
Data Scientist,136000
Data Analyst,79976
Data Analyst,44356
Data Analyst,180000
Data Analyst,110000
Data Scientist,275300
Data Scientist,183000
Data Scientist,175000
Data Scientist,160000
Data Analyst,85000
Data Analyst,75000
Data Scientist,225000
Data Scientist,156400
Data Analyst,145000
Data Analyst,90000
Data Analyst,95000
Data Analyst,85500
Data Scientist,260000
Data Scientist,186000
Data Scientist,48585
Data Scientist,38868
Data Scientist,150000
Data Scientist,120000
Data Analyst,30000
Data Analyst,34320
Data Analyst,175000
Data Analyst,130000
Data Analyst,122000
Data Analyst,93800
Data Analyst,165000
Data Analyst,112000
Data Analyst,185900
Data Analyst,121700
Data Scientist,40000
Data Analyst,180180
Data Analyst,106020
Data Scientist,136000
Data Scientist,104000
Data Analyst,125000
Data Analyst,110000
Data Analyst,152380
Data Analyst,121904
Data Scientist,185900
Data Scientist,129300
Data Analyst,170500
Data Analyst,85000
Data Analyst,179975
Data Analyst,86466
Data Scientist,149076
Data Scientist,82365
Data Analyst,169000
Data Analyst,110600
Data Analyst,230000
Data Analyst,180000
Data Analyst,153600
Data Analyst,106800
Data Analyst,165000
Data Analyst,125000
Data Scientist,168000
Data Analyst,95000
Data Analyst,85500
Data Scientist,147100
Data Scientist,90700
Data Scientist,300240
Data Scientist,200160
Data Scientist,300240
Data Scientist,200160
Data Scientist,370000
Data Scientist,245000
Data Analyst,110000
Data Analyst,80000
Data Analyst,55000
Data Analyst,48000
Data Analyst,95000
Data Analyst,85000
Data Scientist,126500
Data Scientist,78000
Data Analyst,80000
Data Analyst,60000
Data Analyst,142000
Data Analyst,95000
Data Scientist,155000
Data Scientist,139500
Data Analyst,110736
Data Analyst,73824
Data Analyst,18160
Data Scientist,19910
Data Scientist,225000
Data Scientist,156400
Data Scientist,185900
Data Scientist,129300
Data Analyst,120000
Data Analyst,75000
Data Analyst,169000
Data Analyst,110600
Data Scientist,215050
Data Scientist,156400
Data Analyst,75000
Data Analyst,60000
Data Scientist,209300
Data Scientist,182200
Data Scientist,85000
Data Analyst,227000
Data Analyst,108000
Data Analyst,56143
Data Analyst,51824
Data Analyst,60000
Data Analyst,50000
Data Analyst,80000
Data Analyst,52500
Data Analyst,85000
Data Analyst,75000
Data Analyst,153600
Data Analyst,106800
Data Analyst,165000
Data Analyst,124000
Data Analyst,115934
Data Analyst,81666
Data Scientist,170000
Data Scientist,120000
Data Analyst,125000
Data Analyst,105000
Data Analyst,110736
Data Analyst,86128
Data Analyst,55000
Data Analyst,48000
Data Analyst,100000
Data Analyst,385000
Data Analyst,60000
Data Analyst,110000
Data Analyst,95000
Data Scientist,145000
Data Scientist,135000
Data Analyst,180180
Data Analyst,106020
Data Analyst,93919
Data Analyst,51962
Data Scientist,170000
Data Scientist,90000
Data Analyst,192500
Data Analyst,140000
Data Scientist,149076
Data Scientist,82365
Data Scientist,175000
Data Scientist,148750
Data Scientist,235000
Data Scientist,185000
Data Scientist,216100
Data Scientist,140800
Data Scientist,110000
Data Analyst,61520
Data Analyst,55368
Data Scientist,151410
Data Scientist,115360
Data Scientist,250000
Data Scientist,162500
Data Scientist,185000
Data Scientist,120250
Data Scientist,180000
Data Scientist,225000
Data Scientist,156400
Data Scientist,225000
Data Scientist,156400
Data Analyst,130000
Data Analyst,100000
Data Analyst,153600
Data Analyst,106800
Data Scientist,165000
Data Scientist,144000
Data Analyst,150000
Data Analyst,100000
Data Scientist,105000
Data Scientist,70000
Data Analyst,180180
Data Analyst,106020
Data Scientist,183000
Data Scientist,134000
Data Analyst,122000
Data Analyst,94000
Data Scientist,225000
Data Scientist,156400
Data Scientist,228000
Data Scientist,152000
Data Scientist,209450
Data Scientist,158677
Data Analyst,175000
Data Analyst,145000
Data Analyst,103200
Data Analyst,61200
Data Scientist,155000
Data Scientist,63701
Data Scientist,237000
Data Scientist,145000
Data Scientist,240000
Data Scientist,139000
Data Analyst,130000
Data Analyst,87000
Data Analyst,160000
Data Analyst,108000
Data Scientist,285800
Data Scientist,154600
Data Analyst,30000
Data Analyst,206000
Data Analyst,160000
Data Scientist,124234
Data Scientist,74540
Data Analyst,109000
Data Analyst,79000
Data Scientist,275300
Data Scientist,183500
Data Scientist,275300
Data Scientist,183500
Data Analyst,160000
Data Analyst,125600
Data Analyst,141290
Data Analyst,74178
Data Scientist,150000
Data Scientist,120000
Data Scientist,136000
Data Scientist,104000
Data Analyst,80000
Data Analyst,52500
Data Scientist,110000
Data Scientist,84000
Data Analyst,90000
Data Analyst,80000
Data Analyst,150000
Data Analyst,100000
Data Scientist,190000
Data Scientist,165000
Data Scientist,225000
Data Scientist,156400
Data Scientist,257000
Data Scientist,134000
Data Scientist,77737
Data Scientist,38868
Data Scientist,53984
Data Analyst,51824
Data Analyst,41027
Data Analyst,51824
Data Analyst,41027
Data Scientist,237000
Data Scientist,145000
Data Scientist,130000
Data Scientist,90000
Data Analyst,120000
Data Analyst,100000
Data Scientist,183310
Data Scientist,183310
Data Analyst,145000
Data Analyst,102500
Data Scientist,210000
Data Scientist,185000
Data Scientist,220000
Data Scientist,146000
Data Scientist,182000
Data Scientist,140000
Data Scientist,300000
Data Scientist,200000
Data Analyst,135000
Data Analyst,105500
Data Scientist,110000
Data Scientist,136000
Data Scientist,104000
Data Scientist,168000
Data Scientist,130000
Data Analyst,79976
Data Analyst,44356
Data Scientist,153400
Data Scientist,122700
Data Scientist,185000
Data Scientist,160000
Data Scientist,205000
Data Scientist,185000
Data Scientist,50000
Data Scientist,223800
Data Scientist,172100
Data Scientist,180000
Data Scientist,150000
Data Scientist,168400
Data Scientist,105200
Data Analyst,116000
Data Analyst,72000
Data Analyst,120000
Data Analyst,80000
Data Scientist,297300
Data Scientist,198200
Data Scientist,110000
Data Scientist,84000
Data Analyst,150000
Data Analyst,100000
Data Scientist,185900
Data Scientist,129300
Data Analyst,240500
Data Analyst,137500
Data Scientist,187500
Data Scientist,165000
Data Analyst,25216
Data Scientist,135000
Data Scientist,115000
Data Scientist,170000
Data Scientist,140000
Data Analyst,125000
Data Analyst,85000
Data Analyst,130000
Data Analyst,80000
Data Scientist,100000
Data Scientist,272550
Data Scientist,198200
Data Scientist,182000
Data Scientist,140000
Data Scientist,120000
Data Scientist,105000
Data Analyst,155000
Data Analyst,64000
Data Scientist,143100
Data Scientist,113000
Data Scientist,140000
Data Scientist,120000
Data Scientist,180560
Data Scientist,115440
Data Scientist,140000
Data Scientist,120000
Data Scientist,120000
Data Scientist,110000
Data Scientist,130000
Data Analyst,150000
Data Analyst,100000
Data Scientist,130000
Data Scientist,90000
Data Scientist,150000
Data Scientist,140000
Data Analyst,150000
Data Analyst,100000
Data Scientist,150000
Data Scientist,127500
Data Scientist,126500
Data Scientist,51000
Data Scientist,272550
Data Scientist,198200
Data Scientist,94560
Data Scientist,52533
Data Scientist,220000
Data Scientist,146000
Data Analyst,150000
Data Analyst,100000
Data Analyst,149000
Data Analyst,119000
Data Scientist,140000
Data Scientist,120000
Data Scientist,150000
Data Scientist,110000
Data Scientist,190000
Data Scientist,155000
Data Scientist,92350
Data Scientist,67723
Data Analyst,75000
Data Analyst,60000
Data Scientist,145000
Data Scientist,100000
Data Analyst,120000
Data Analyst,95000
Data Scientist,190000
Data Scientist,150000
Data Analyst,150000
Data Analyst,100000
Data Scientist,47280
Data Scientist,37824
Data Analyst,115934
Data Analyst,81666
Data Scientist,175000
Data Scientist,140000
Data Scientist,249500
Data Scientist,149850
Data Analyst,55000
Data Analyst,48000
Data Analyst,127000
Data Analyst,104000
Data Scientist,210000
Data Scientist,150000
Data Scientist,182750
Data Scientist,161500
Data Analyst,102640
Data Analyst,66100
Data Scientist,136000
Data Scientist,104000
Data Analyst,150000
Data Analyst,100000
Data Scientist,159000
Data Scientist,130000
Data Analyst,115934
Data Analyst,81666
Data Analyst,430967
Data Analyst,55410
Data Analyst,50432
Data Analyst,39925
Data Analyst,169000
Data Analyst,110600
Data Analyst,75000
Data Analyst,60000
Data Analyst,50000
Data Analyst,166700
Data Analyst,119000
Data Scientist,124234
Data Scientist,74540
Data Analyst,100000
Data Analyst,65000
Data Analyst,50000
Data Analyst,150000
Data Analyst,100000
Data Scientist,47280
Data Scientist,37824
Data Scientist,128000
Data Scientist,81500
Data Scientist,173000
Data Scientist,110000
Data Analyst,115934
Data Analyst,81666
Data Analyst,120000
Data Analyst,95000
Data Analyst,201000
Data Analyst,89200
Data Scientist,165000
Data Scientist,125000
Data Scientist,180000
Data Scientist,120000
Data Analyst,192500
Data Analyst,140000
Data Analyst,65000
Data Analyst,55000
Data Scientist,63040
Data Scientist,52533
Data Scientist,130000
Data Scientist,95000
Data Scientist,203500
Data Scientist,152000
Data Scientist,120000
Data Analyst,115000
Data Analyst,171000
Data Scientist,185900
Data Scientist,129300
Data Analyst,150000
Data Analyst,100000
Data Scientist,47280
Data Scientist,37824
Data Scientist,140000
Data Scientist,120000
Data Scientist,110000
Data Scientist,70000
Data Scientist,64090
Data Scientist,60938
Data Scientist,130000
Data Scientist,90000
Data Analyst,165000
Data Analyst,124000
Data Analyst,169000
Data Analyst,110600
Data Analyst,116000
Data Analyst,96000
Data Analyst,92350
Data Analyst,70186
Data Analyst,105000
Data Analyst,70000
Data Analyst,100000
Data Analyst,70000
Data Analyst,130000
Data Analyst,100000
Data Analyst,160000
Data Analyst,109000
Data Analyst,206000
Data Analyst,160000
Data Analyst,150000
Data Analyst,100000
Data Scientist,140000
Data Scientist,120000
Data Analyst,169000
Data Analyst,110600
Data Analyst,80000
Data Scientist,180000
Data Scientist,120000
Data Scientist,185900
Data Scientist,129300
Data Scientist,175000
Data Scientist,145000
Data Scientist,47280
Data Scientist,37824
Data Scientist,198800
Data Scientist,122600
Data Analyst,130000
Data Analyst,100000
Data Analyst,165000
Data Analyst,124000
Data Scientist,148000
Data Scientist,107000
Data Analyst,150000
Data Analyst,100000
Data Analyst,100000
Data Analyst,65000
Data Scientist,168000
Data Scientist,130000
Data Scientist,136000
Data Scientist,104000
Data Scientist,185900
Data Scientist,129300
Data Analyst,177000
Data Analyst,131000
Data Analyst,169000
Data Analyst,110600
Data Scientist,80000
Data Scientist,208000
Data Scientist,127000
Data Scientist,47280
Data Scientist,37824
Data Scientist,205000
Data Scientist,185000
Data Scientist,185900
Data Scientist,129300
Data Analyst,150000
Data Analyst,100000
Data Analyst,110000
Data Analyst,95000
Data Scientist,185900
Data Scientist,129300
Data Scientist,225000
Data Scientist,156400
Data Analyst,169000
Data Analyst,110600
Data Scientist,185900
Data Scientist,129300
Data Scientist,140700
Data Scientist,93800
Data Scientist,350000
Data Scientist,135000
Data Analyst,115934
Data Analyst,81666
Data Analyst,154560
Data Analyst,123648
Data Analyst,130000
Data Analyst,100000
Data Scientist,247500
Data Scientist,172200
Data Scientist,177500
Data Scientist,134000
Data Scientist,185900
Data Scientist,129300
Data Analyst,130000
Data Analyst,105000
Data Scientist,243900
Data Scientist,156600
Data Analyst,206000
Data Analyst,160000
Data Analyst,109000
Data Analyst,79000
Data Analyst,160000
Data Analyst,109000
Data Analyst,127000
Data Analyst,110000
Data Scientist,120000
Data Scientist,100000
Data Scientist,85000
Data Scientist,78000
Data Scientist,136000
Data Scientist,104000
Data Scientist,47280
Data Scientist,37824
Data Analyst,169000
Data Analyst,110600
Data Scientist,245000
Data Scientist,180000
Data Scientist,198440
Data Scientist,144000
Data Scientist,198440
Data Scientist,144000
Data Analyst,150000
Data Analyst,100000
Data Analyst,120000
Data Analyst,95000
Data Scientist,57872
Data Analyst,64000
Data Scientist,39925
Data Analyst,150000
Data Analyst,127000
Data Scientist,159699
Data Scientist,138938
Data Analyst,166700
Data Analyst,119000
Data Analyst,130000
Data Analyst,100000
Data Analyst,80000
Data Analyst,52500
Data Scientist,180000
Data Scientist,140000
Data Scientist,225000
Data Scientist,156400
Data Analyst,135000
Data Analyst,100000
Data Analyst,125404
Data Scientist,180000
Data Scientist,100000
Data Analyst,80000
Data Analyst,52500
Data Scientist,175000
Data Scientist,122500
Data Scientist,202800
Data Scientist,104300
Data Analyst,50432
Data Analyst,36773
Data Scientist,185900
Data Scientist,129300
Data Scientist,30000
Data Analyst,150000
Data Analyst,95000
Data Analyst,175950
Data Analyst,130050
Data Analyst,236600
Data Analyst,89200
Data Scientist,84000
Data Scientist,54000
Data Scientist,80000
Data Scientist,73742
Data Scientist,33246
Data Analyst,169000
Data Analyst,110600
Data Scientist,185900
Data Scientist,129300
Data Scientist,225000
Data Scientist,156400
Data Scientist,185900
Data Scientist,129300
Data Scientist,155000
Data Scientist,38000
Data Analyst,85000
Data Analyst,65000
Data Scientist,155000
Data Scientist,38000
Data Scientist,153600
Data Scientist,106800
Data Scientist,185000
Data Scientist,50000
Data Scientist,155000
Data Scientist,38000
Data Scientist,168000
Data Scientist,130000
Data Scientist,123400
Data Scientist,88100
Data Scientist,120000
Data Scientist,55000
Data Scientist,185900
Data Scientist,129300
Data Analyst,169000
Data Analyst,110600
Data Scientist,185900
Data Scientist,129300
Data Analyst,139600
Data Analyst,85700
Data Scientist,225000
Data Scientist,156400
Data Scientist,200000
Data Scientist,175000
Data Analyst,115000
Data Analyst,95000
Data Scientist,185000
Data Scientist,50000
Data Scientist,47280
Data Scientist,37824
Data Analyst,105000
Data Analyst,62000
Data Scientist,144200
Data Scientist,115360
Data Scientist,83171
Data Scientist,108000
Data Analyst,115934
Data Analyst,81666
Data Scientist,198440
Data Scientist,144000
Data Analyst,50432
Data Analyst,36773
Data Scientist,75648
Data Scientist,198440
Data Scientist,144000
Data Analyst,90000
Data Analyst,42028
Data Analyst,20000
Data Scientist,215000
Data Scientist,159000
Data Analyst,99750
Data Analyst,68400
Data Scientist,236900
Data Scientist,159200
Data Scientist,148000
Data Scientist,128000
Data Scientist,191475
Data Scientist,141525
Data Scientist,218000
Data Scientist,145300
Data Scientist,191475
Data Scientist,141525
Data Scientist,207000
Data Scientist,153000
Data Scientist,191475
Data Scientist,141525
Data Analyst,110000
Data Analyst,99000
Data Scientist,191475
Data Scientist,141525
Data Scientist,191475
Data Scientist,141525
Data Scientist,191475
Data Scientist,141525
Data Scientist,207000
Data Scientist,153000
Data Scientist,191475
Data Scientist,141525
Data Scientist,191475
Data Scientist,141525
Data Scientist,191475
Data Scientist,141525
Data Analyst,50432
Data Analyst,36773
Data Scientist,102200
Data Analyst,144000
Data Analyst,113000
Data Scientist,180000
Data Scientist,165000
Data Scientist,179400
Data Scientist,154000
Data Scientist,93000
Data Scientist,73000
Data Scientist,136994
Data Scientist,101570
Data Scientist,191475
Data Scientist,141525
Data Analyst,136000
Data Analyst,112000
Data Scientist,172000
Data Scientist,140000
Data Scientist,191475
Data Scientist,141525
Data Analyst,97500
Data Scientist,73546
Data Scientist,50000
Data Scientist,151800
Data Scientist,130240
Data Scientist,179400
Data Scientist,154000
Data Scientist,191475
Data Scientist,141525
Data Scientist,191475
Data Scientist,141525
Data Scientist,191475
Data Scientist,141525
Data Scientist,191475
Data Scientist,141525
Data Scientist,191475
Data Scientist,141525
Data Scientist,191475
Data Scientist,141525
Data Scientist,191475
Data Scientist,141525
Data Scientist,191475
Data Scientist,141525
Data Analyst,115000
Data Scientist,31520
Data Analyst,46000
Data Scientist,204100
Data Scientist,136100
Data Scientist,118208
Data Scientist,110820
Data Scientist,191475
Data Scientist,141525
Data Scientist,191475
Data Scientist,141525
Data Scientist,191475
Data Scientist,141525
Data Analyst,113000
Data Scientist,170000
Data Scientist,130000
Data Analyst,50000
Data Scientist,175000
Data Scientist,140000
Data Scientist,160000
Data Scientist,119300
Data Scientist,225000
Data Scientist,160000
Data Scientist,54634
Data Scientist,82000
Data Scientist,110000
Data Scientist,203500
Data Scientist,152000
Data Scientist,170000
Data Scientist,120000
Data Analyst,216200
Data Analyst,144100
Data Scientist,115573
Data Scientist,89306
Data Analyst,117000
Data Analyst,99450
Data Analyst,86193
Data Analyst,61566
Data Analyst,175000
Data Analyst,130000
Data Scientist,123400
Data Scientist,88100
Data Scientist,245000
Data Scientist,205000
Data Analyst,50000
Data Scientist,84053
Data Scientist,180000
Data Scientist,140000
Data Analyst,216200
Data Analyst,144100
Data Analyst,150000
Data Scientist,131752
Data Analyst,55000
Data Analyst,130000
Data Scientist,52008
Data Scientist,160000
Data Scientist,100000
Data Analyst,28368
Data Scientist,60938
Data Scientist,80036
Data Analyst,128875
Data Analyst,93700
Data Analyst,136260
Data Analyst,109280
Data Scientist,160000
Data Scientist,92000
Data Analyst,117000
Data Analyst,99450
Data Scientist,160000
Data Scientist,119300
Data Scientist,25000
Data Analyst,65257
Data Scientist,153000
Data Analyst,150075
Data Analyst,110925
Data Scientist,160000
Data Scientist,92000
Data Analyst,22809
Data Analyst,15000
Data Scientist,186000
Data Scientist,148800
Data Analyst,112900
Data Analyst,90320
Data Analyst,112900
Data Analyst,90320
Data Scientist,49268
Data Scientist,215300
Data Scientist,158200
Data Analyst,115934
Data Analyst,81666
Data Analyst,164000
Data Analyst,132000
Data Scientist,170000
Data Scientist,123000
Data Analyst,128875
Data Analyst,93700
Data Analyst,49253
Data Analyst,36940
Data Analyst,42026
Data Analyst,31520
Data Analyst,42026
Data Analyst,31520
Data Scientist,215300
Data Scientist,140400
Data Scientist,260000
Data Scientist,180000
Data Scientist,67723
Data Scientist,43096
Data Scientist,180000
Data Scientist,80000
Data Analyst,58000
Data Analyst,58000
Data Scientist,61566
Data Scientist,36940
Data Scientist,165220
Data Scientist,120160
Data Analyst,124190
Data Analyst,90320
Data Scientist,180000
Data Scientist,120000
Data Analyst,126500
Data Analyst,106260
Data Analyst,116000
Data Analyst,99000
Data Analyst,155000
Data Analyst,120600
Data Scientist,130000
Data Scientist,90000
Data Analyst,102100
Data Analyst,84900
Data Scientist,136620
Data Scientist,99360
Data Scientist,110820
Data Scientist,98506
Data Scientist,146000
Data Scientist,123000
Data Analyst,130000
Data Analyst,110000
Data Analyst,170000
Data Analyst,135000
Data Scientist,167000
Data Scientist,123000
Data Scientist,211500
Data Scientist,138600
Data Analyst,130000
Data Analyst,61300
Data Analyst,130000
Data Analyst,61300
Data Scientist,150000
Data Scientist,95550
Data Analyst,167000
Data Analyst,115500
Data Analyst,112900
Data Analyst,90320
Data Analyst,112900
Data Analyst,90320
Data Analyst,136600
Data Analyst,109280
Data Scientist,205300
Data Scientist,140400
Data Scientist,176000
Data Scientist,144000
Data Scientist,205300
Data Scientist,140400
Data Analyst,116150
Data Analyst,99050
Data Analyst,112900
Data Analyst,90320
Data Analyst,85000
Data Analyst,75000
Data Scientist,141300
Data Scientist,102100
Data Analyst,115934
Data Analyst,81666
Data Analyst,61566
Data Analyst,43096
Data Analyst,80000
Data Analyst,60000
Data Scientist,230000
Data Scientist,150000
Data Analyst,170000
Data Analyst,150000
Data Scientist,160000
Data Scientist,130000
Data Analyst,67000
Data Analyst,52000
Data Analyst,129000
Data Analyst,99000
Data Scientist,210000
Data Scientist,140000
Data Scientist,210000
Data Scientist,140000
Data Scientist,210000
Data Scientist,140000
Data Analyst,100000
Data Analyst,69000
Data Scientist,210000
Data Scientist,140000
Data Analyst,150075
Data Analyst,110925
Data Analyst,126500
Data Analyst,106260
Data Analyst,105000
Data Analyst,100000
Data Analyst,170000
Data Analyst,135000
Data Scientist,230000
Data Scientist,140000
Data Analyst,135000
Data Analyst,50000
Data Scientist,220000
Data Scientist,140000
Data Scientist,172386
Data Scientist,86193
Data Scientist,200000
Data Scientist,120000
Data Scientist,185100
Data Scientist,104890
Data Scientist,109000
Data Scientist,67597
Data Analyst,20000
Data Scientist,51081
Data Scientist,78000
Data Scientist,40000
Data Scientist,83171
Data Scientist,165000
Data Scientist,100000
Data Scientist,33609
Data Scientist,135000
Data Analyst,135000
Data Scientist,80000
Data Scientist,120402
Data Scientist,48000
Data Analyst,90000
Data Scientist,100000
Data Scientist,100000
Data Scientist,100000
Data Scientist,82500
Data Scientist,49646
Data Analyst,50000
Data Scientist,68428
Data Analyst,46759
Data Scientist,75774
Data Scientist,150000
Data Analyst,90000
Data Analyst,60000
Data Scientist,50000
Data Analyst,59102
Data Analyst,80000
Data Analyst,80000
Data Scientist,45760
Data Scientist,53192
Data Analyst,51519
Data Scientist,76958
Data Scientist,105000
Data Analyst,93000
Data Scientist,90000
Data Scientist,36643
Data Analyst,91000
Data Scientist,165000
Data Analyst,80000
Data Scientist,103691
Data Analyst,200000
Data Scientist,79833
Data Scientist,20171
Data Scientist,58000
Data Scientist,100000
Data Scientist,77684
Data Analyst,72000
Data Scientist,25532
Data Analyst,63831
Data Analyst,71786
Data Scientist,135000
Data Scientist,147000
Data Scientist,51321
Data Scientist,39916
Data Scientist,90734
Data Scientist,61467
Data Scientist,37825
Data Analyst,85000
Data Scientist,56256
Data Scientist,116914
Data Scientist,88654
Data Scientist,160000
Data Scientist,42197
Data Scientist,62726
Data Scientist,90734
Data Scientist,21669
Data Scientist,120000
Data Scientist,87738
Data Scientist,130000
Data Scientist,38776
Data Scientist,46809
Data Scientist,91237
Data Scientist,62726
Data Scientist,115000
Data Analyst,75000
Data Analyst,62000
Data Scientist,73000
Data Scientist,118000
Data Scientist,138350
Data Scientist,119059
Data Scientist,412000
Data Scientist,105000
